kerevizci,8e4db5b7-ad18-3c41-bce0-cab23bc5e3b1
camilogamer,72ad8d32-823f-3d86-940a-4c674a20daae
lahoden,ed10d90d-1ef2-3586-af02-e15d4d3baeae
trxor,2af3a57f-fbf7-3282-b15d-55a514961adc
ahmetardctr71,aa22335f-17a7-307e-935e-1739e7a8c9b2
snaekyfox,3d39a953-f1f1-3325-a1e6-5ffa72dfd6df
getonmyyeezy,92c6e647-75ae-384a-ae42-0753f18949f3
darkinsid,583cab8e-e8ec-3d95-93ae-9eba98bc71bc
mehmetdinc,56babb29-c380-3280-bccf-247ef35cf583
efe54,380d13ec-e525-32dc-956a-a24654be2e7d
macrowbest,17bfbf0c-8ce5-30a3-b546-5d768ebf81b9
blockmaster_tr,0cf005c7-d824-3cdd-b179-9a6d35111e2a
